<?xml version="1.0" encoding="UTF-8"?>
<project-private xmlns="http://www.netbeans.org/ns/project-private/1">
    <editor-bookmarks xmlns="http://www.netbeans.org/ns/editor-bookmarks/2" lastBookmarkId="0"/>
    <open-files xmlns="http://www.netbeans.org/ns/projectui-open-files/2">
        <group>
            <file>file:/C:/wamp/www/bcit-ci-CodeIgniter-bcb17eb/application/models/UsuMod.php</file>
            <file>file:/C:/wamp/www/bcit-ci-CodeIgniter-bcb17eb/application/views/cadastrar.php</file>
            <file>file:/C:/wamp/www/bcit-ci-CodeIgniter-bcb17eb/application/controllers/Login.php</file>
            <file>file:/C:/wamp/www/bcit-ci-CodeIgniter-bcb17eb/application/config/routes.php</file>
            <file>file:/C:/wamp/www/bcit-ci-CodeIgniter-bcb17eb/application/models/ProdMod.php</file>
            <file>file:/C:/wamp/www/bcit-ci-CodeIgniter-bcb17eb/application/config/config.php</file>
        </group>
    </open-files>
</project-private>
